{
  "height": 38,
  "width": 116,
  "x": 22.791667938232422,
  "y": 1370.6354166865349
}